sequence,functional,non-functional
DEDEEEDDDHGL,0.2367965281009674,0.7632034718990326
DDDHGLEDDDGE,0.22592484951019287,0.7740751504898071
EDDDGESAEEQD,0.26922208070755005,0.73077791929245
SAEEQDDFAGRP,0.28837403655052185,0.7116259634494781
DFAGRPEQAPEC,0.35780367255210876,0.6421963274478912
EQAPECKQS,0.38746172189712524,0.6125382781028748
